Features	Target
¿Dónde hay mayor brecha salarial por género en México? Banxico realizó un análisis de las brechas salariales de género en las regiones de México, los resultados demuestran que el norte es donde hay mayor diferencia de remuneración entre hombres y mujeres.	Economia
Intel y Amazon firman acuerdo comercial y el mercado lo recibe bien Las empresas de tecnología trabajarán en conjunto una coinversión en diseños de chip personalizados para el negocio de nube de la big tech: AWS.	Ciencia
Finaliza la  temporada para Rodri Manchester. Rodri, mediocampista del Manchester City, se perderá el resto de la temporada tras someterse ayer a una cirugía en el ligamento anterior cruzado.	Deportes
"Fed baja tasas medio punto porcentual; aduce ""confianza"" en control de inflación Los responsables de la política monetaria prevén que el tipo de referencia de la Reserva Federal caiga otro medio punto porcentual a finales de este año."	Economia
Chapultepec está listo para atender el presente y enfrentar el futuro: Orozco El Bosque de Chapultepec está listo para atender el presente y encarar el futuro, aseguró a La Jornada el artista veracruzano Gabriel Orozco, quien concluyó su labor de coordinador del proyecto Chapultepec: Naturaleza y Cultura, cuya cuarta sección, ya remodelada, se inauguró hace unos días.	Cultura
El plan de sustituir importaciones de Asia con el nearshoring se torna difícil En los primeros siete meses del año, las importaciones de México desde Asia alcanzaron los 141,219 millones de dólares; China representa 51% del total.	Economia
Verstappen, castigado  por lenguaje “grosero”; Norris lidera prácticas Max Verstappen cayó de nuevo en la espiral de errores que persigue a Red Bull. En la jornada de ensayos libres del Gran Premio de Singapur, el tricampeón mundial de la Fórmula 1 logró el cuarto mejor tiempo en la primera ronda, pero luego se fue hasta el lugar 15, quejándose de la falta de adherencia de sus gomas. Quedó a 1.2 segundos del líder Lando Norris (McLaren), quien brilló en el circuito urbano de Mari-na Bay por delante del monegasco Charles Leclerc y Carlos Sainz (Ferrari). El mexicano Sergio Pérez se ubicó en el octavo puesto.	Deportes
Miguel Díaz Reynoso*: Cuadernos de La Habana Encuentro en mis cuadernos varias referencias al asalto al Cuartel Moncada. Quizá deba empezar por los preparativos y cómo se decidió llevarlo a cabo ese 26 de julio.	Cultura
“Misión cumplida” “Misión cumplida”, dijo el artista Gabriel Orozco al cerrar un ciclo de casi seis años como coordinador del proyecto Chapultepec: Naturaleza y Cultura, el 24 de septiembre, cuando el presidente Andrés Manuel López Obrador inauguró la cuarta sección y última que faltaba por concluir de ese bosque urbano.	Cultura
Alcaraz da el triunfo decisivo para Europa, campeón de la Copa Laver París. Europa conquistó ayer la Copa Laver de tenis ante el combinado del resto del mundo gracias a una victoria del español Carlos Alcaraz sobre Taylor Fritz en el último duelo de singles.	Deportes
Debajo de las máscaras están rostros de abogados, comerciantes y torteros José Orlando Regalado Alonso era conocido en las arenas como Rey Destroyer. En una lucha contra Black Spider Jr, el 2 de marzo en Monterrey, el regiomontano falleció a los 22 años tras una caída que le ocasionó un severo daño cerebral. Durante los 10 días que estuvo internado, luchadores como LA Park, Silver Star y Latin Lover recaudaron fondos para ayudar a su familia, debido a que había problemas para el pago de la atención médica. Esa fue la más reciente muerte que tuvo que lamentar este deporte. Si no era el cansancio o el dolor, lo único que podía detener al gladiador enmascarado era una lesión fulminante. Su modo de vida estaba relacionado con el riesgo.	Deportes
Reservas internacionales alcanzan marca histórica Las reservas internacionales cerraron la semana que concluyó el 20 de septiembre con un saldo de 226 mil 465 millones de dólares, un incremento de 356 millones de dólares en relación con la semana precedente, reveló el Banco de México (BdeM).	Economía
Cotiza el peso prácticamente sin cambios a la espera del recorte de tasas del BdeM Ahora la incógnita en la política monetaria de México es sobre recorte a la tasa de referencia de un cuarto o medio punto porcentual, que el Banco de México (BdeM) despejará el jueves. Mientras tanto, el peso mexicano se operó ayer con cautela.	Economía
RappiCard alcanza los 5,107 millones de pesos en su cartera de crédito La empresa resalta que parte de su estrategia es ofrecer un proceso de solicitud y aprobación en solo dos minutos y una entrega de la tarjeta física en 30 minutos.	Economia
¿Cómo usar las nuevas funciones de texto de Instagram? Las nuevas herramientas de texto incluyen más fuentes y efectos, así como la posibilidad de agregar texto superpuesto en publicaciones del feed.	Ciencia
Dodgers y Yanquis, primeros sembrados Los Ángeles., Los Dodgers de Los Ángeles y los Yanquis de Nueva York aseguraron este sábado ser los primeros sembrados en los playoffs, mientras el dominicano José Ramírez, de los Guardianes de Cleveland, se colocó a un jonrón de ingresar en el selecto club del 40-40.	Deportes
La BMV gana 1.1% en la semana; peso pierde 28 centavos El peso revirtió sus ganancias iniciales, un día después del impulso registrado por el anuncio del Banco de México de que recortó su tasa de interés.	Economía
En 2026, Petróleos Mexicanos requerirá 19 mil millones de dólares del gobierno federal Petróleos Mexicanos (Pemex) requerirá del gobierno federal 19 mil millones de dólares en 2026 para cubrir sus necesidades de efectivo, operativas y de pago de deuda, aseguró Roxana Muñoz, vicepresidenta y analista senior de la calificadora Moody’s.	Economía
Gasolinas y diésel van por su primer mes sin subsidios Brindar menores estímulos ha permitido recaudar mayores ingresos a la secretaría de Hacienda; de enero a agosto de este año, ha recaudado 82% más dinero por IEPS a estos combustibles.	Economia
Tribunal da 5 días a X para validar a su representante legal en Brasil Río de Janeiro., La red social X nombró un representante legal en Brasil, una de las exigencias para volver a funcionar en el país, pero seguirá suspendida hasta cumplir otros requisitos judiciales. El Tribunal Supremo de Brasil dio a la plataforma social X, propiedad de Elon Musk, cinco días para presentar documentos que validen a su nuevo representante legal en el país, mostró el sábado una decisión judicial.	Economía
Entusiastas asistentes y la OSM festejaron en las Islas de CU 114 años de la UNAM El rugido puma resonó a todo volumen este sábado en las Islas de Ciudad Universitaria (CU), donde la Universidad Nacional Autónoma de México (UNAM) celebró su 114 aniversario con un concierto memorable a cargo de la Orquesta Sinfónica de Minería (OSM).	Cultura
Norris consigue la pole  en el GP de Singapur; Checo, fuera del top-10 El mexicano Sergio Pérez (Red Bull) entró en un socavón. Arrancó des-de el fondo, esperanzado que sus neumáticos le ayudarían a remontar, pero terminó lejos de los dos pilotos que disputan el título mundial de la Fórmula 1 en la calificación al Gran Premio de Singapur. Ubicado en el lugar 13, el tapatío finalizó otra carrera poco memorable respecto del rendimiento de Lando Norris (McLaren) y el tricampeón mundial Max Verstappen, primero y segundo en la parrilla de salida, respectivamente.	Deportes
De Anahit a María sale de Gran Bretaña a Armenia La exhibición Diosa Madre: De Anahit a María, realizada originalmente por el Museo Británico, fue prestada de manera exclusiva por seis meses al Museo de Historia de Armenia, ubicado en la ciudad de Yerevan. La muestra es una reflexión sobre el papel femenino y materno de las distintas deidades de variadas culturas. En la imagen, la cabeza de una estatua de bronce de la diosa Anahit, perteneciente a la cultura persa, que data del siglo I antes de Cristo.	Cultura
Se estanca la producción de granos en  el sexenio La producción de granos y oleaginosas en México se ha incrementado 37 por ciento desde la entrada en vigor del Tratado de Libre Comercio de América del Norte (TLCAN), actualmente Tratado México, Estados Unidos y Canadá (T-MEC), hasta la fecha; sin embargo, en este sexenio el crecimiento se ha estancado, revelan datos oficiales.	Economía
“El feminismo devolvió dignidad a mi existencia, el arte también”: Sofía Weidner “No prometo que salgan alegres y con la mente tranquila de esta exposición. No quise generar arte que causara comodidad”, confesó Sofía Weidner durante la inauguración de Musas negras, en el Museo de la Ciudad de México. Emociones tristes, dolorosas y furiosas están plasmadas en las obras que hoy trascienden porque al ser vistas por el público significan cobijo, el abandono de la soledad y un sueño cumplido. “Así como el feminismo devolvió dignidad a mi existencia, el arte también”, declaró la creadora.	Cultura
Repuntó en julio la economía: Inegi La economía mexicana creció más de lo esperado en julio, debido al incremento ‘inusual’ de los sectores agrícola, ganadero y pesca, reveló el Instituto Nacional de Estadística y Geografía (Inegi).	Economía
Fitch y S&P descartan degradar calificación de México por reforma judicial Las agencias calificadoras ven finanzas sólidas y esperan una prudencia fiscal con Claudia Sheinbaum.	Economia
Espartaco Martínez traslada a libro la obra Sutra del corazón El bailarín y coreógrafo de butoh, Espartaco Martínez, quien ha interpretado en diversas ocasiones la obra Sutra del corazón, experiencia sensorial en torno a la condición humana y la necesidad de liberación emocional, presentará hoy un libro en el vestíbulo de la Casa Miguel Alemán del Complejo Cultural Los Pinos en Chapultepec sobre esa enseñanza relacionada con volver al origen de la vida.	Cultura
Manuel Ahumada, un dibujante “demasiado viejo para el punk, pero muy joven para morir” Era “demasiado viejo para el punk, pero muy joven para morir”, dijo de Manuel Ahumada (1956-2014) Gonzalo Rocha, ambos moneros y colaboradores de La Jornada. “Un día se elevó de más y ahora nos mira desde el cosmos, acompañado por dioses aztecas, ángeles y astronautas del Apolo 11”, agregó en referencia al día que aquél falleció y a esos personajes que eran frecuentes en su imaginario y su obra.	Cultura
Google se salva de una multa antimonopolio de 1,670 mmd El caso comenzó por un supuesto dominio anticompetitivo de la empresa en el mercado de la publicidad en línea.	Ciencia
Microsoft invertirá mil 300 mdd en México en infraestructura de IA nan	Economía
Ahora los usuarios de Uber también deberán verificar su identidad Uber implementará una nueva verificación de identidad para los pasajeros, con el objetivo de ofrecer mayor seguridad a los conductores y evitar fraudes en la plataforma.	Ciencia
Proyecto del ministro Pérez Dayán impedirá a la UIF bloquear cuentas bancarias por lavado El ministro Alberto Pérez Dayán propondrá el endurecimiento de los requisitos para que la Unidad de Inteligencia Financiera (UIF) pueda asegurar cuentas bancarias cuyos titulares son sospechosos de operaciones de lavado de dinero.	Economía
Peligra economía de México si Trump gana y cumple con aranceles: Moody's La agencia calificadora anticipa que la economía mexicana sufriría una recesión en 2025 y una mayor inflación.	Economia
Intel logra acuerdo de 3,500 mdd para fabricar chips para el ejército Se trata de un programa secreto, llamado Secure Enclave, que busca establecer la producción de chips avanzados con aplicaciones militares y de Inteligencia.	Ciencia
Por primera vez en 2 años, tasa de Cetes baja de 10% Después de casi dos años de ofrecer rendimientos anuales de doble dígito, la tasa de interés de los Certificados de la Tesorería de la Federación (Cetes) ha caído por debajo de 10 por ciento. Según los analistas, esto indica que los mercados anticipan que el Banco de México (BdeM) reducirá su tasa de referencia el próximo jueves en línea con la Reserva Federal de Estados Unidos.	Economía
Brasil! Brasil! revela una visión vibrante del Modernismo Berna. La exposición Brasil! Brasil!: The Birth of Modernism (¡Brasil! ¡Brasil!: El nacimiento del Modernismo0, inaugurada en el Zentrum Paul Klee, ofrece una visión vibrante de ese movimiento artístico en el país sudamericano a lo largo de la obra de 10 artistas, cinco de ellos autodidactas y poco conocidos internacionalmente. Varias de las 130 obras expuestas han salido de Brasil por primera vez. La muestra coincide temáticamente con la Bienal de Venecia, donde más de la mitad de los artistas aquí presentes también participan.	Cultura
Sufre rechazo en Alemania y reservas en Italia posible fusión de UniCredit y Commerzbank Milán. El jefe del banco italiano UniCredit, Andrea Orcel, participó el viernes en una reunión virtual con representantes del alemán Commerzbank, tras convertirse en el mayor inversor privado del prestamista alemán, informó a Reuters una fuente conocedora del asunto.	Economía
Científicos descubren que el coral es capaz de retener microplásticos Madrid. Una nueva técnica de detección de microplásticos descubrió que las tres partes de la anatomía del coral (mucosidad superficial, tejido y esqueleto) contienen esta clase de desechos artificiales.	Ciencia
México va a facilitar y respaldar inversiones de EU: Marcelo Ebrard Luego de aprobada la reforma judicial, el próximo secretario de Economía revivió y posteó un video en redes sociales en el que dice que la integración de las dos economías avanza a paso acelerado.	Economia
"Meta presenta el Quest 3S, la versión ""económica"" de su visor de realidad mixta Meta calificó a este dispositivo como el proveedor de  “experiencias increíbles a un precio inigualable”."	Ciencia
El e-commerce chino conquista las bolsas de valores Los dueños de Alibaba, Temu y JD conquistan el e-commerce del mundo, mientras diversifican sus negocios.	Ciencia
Aterriza nave Soyuz tras una misión récord en la EEI Moscú. Una cápsula Soyuz que transportaba a dos cosmonautas rusosy una astronauta estadunidense desde la Estación Espacial Internacional aterrizó en Kazajstán, poniendo fin a una estadía récord para la pareja rusa.	Ciencia
Economía mexicana crece 0.6% en julio Las actividades primarias encabezaron el crecimiento económico del país durante el séptimo mes del año.	Economia
Esta es la audiencia que quiere conquistar el iPhone 16 Apple es consciente de que muchos usuarios de iPhone 15 difícilmente van a renovar su smartphone, pero hay un segmento al que pueden seducir.	Ciencia
Copa Laver El equipo del resto del mundo tomó ventaja de 8-4 en la Copa Laver sobre la selección de Europa. Los triunfos de los estadunidenses Taylor Fritz (en la imagen) y Frances Tiafoe contra el alemán Alexander Zverev y el ruso Daniil Medvedev, respectivamente, fueron fundamentales para que los comandados por John McEnroe tomaran la delantera en la justa que define hoy al campeón que acumule 13 puntos en Berlín.	Deportes
Del Toro finaliza en el lugar 12 en Mundial de Ciclismo El pedalista mexicano Isaac del Toro se ubicó en el lugar 12 de la prueba contrarreloj en la categoría Sub 23 del Mundial de Ciclismo de Ruta, que se disputa en Zurich.	Deportes
Ricardo Yáñez: Isocronías Siete escritoras ha reunido Minerva Aguilar Temoltzin, autora de Vuelo de letras, libro nacido de un recital homónimo ofrecido por escritoras tlaxcaltecas y organizado por la Asociación de Escritores de México. Al decir de Obed González, director de Literatura de la Feria Internacional del Libro en Coyoacán, –auspiciadora del volumen que con ánimo representativo considera la lírica de tales voces femeninas–, en éste es posible palpar que “somos lenguaje, somos flexibles y en constante transformación”. Vayamos sucintamente a las poetas –nacidas entre los años 50 y 80–:	Cultura
Microsoft usará energía nuclear para alimentar su Inteligencia Artificial El acuerdo entre Microsoft y Constellation Energy permitirá reactivar una unidad de la planta nuclear Three Mile Island para cubrir las crecientes necesidades energéticas.	Ciencia
Inversión en conectividad no caerá pese a política judicial: Neutral Networks El CEO de la compañía Neutral Networks, enfocada en infraestructura crítica, dijo que la necesidad de conectividad a nivel usuario como empresa será más fuerte que agendas políticas.	Ciencia
Impulsa la CRE infraestructura para autos eléctricos Las disposiciones administrativas en materia de electromovilidad emitidas por la Comisión Reguladora de Energía (CRE) no sólo impulsarán el desarrollo de la infraestructura para el uso de automóviles eléctricos e híbridos, sino también el ordenamiento en el Sistema Eléctrico Nacional (SEN), de acuerdo con el propio regulador.	Economía
Sinner, “decepcionado” tras apelación de la AMA Roma. El tenista número uno del mundo Jannik Sinner dijo estar “muy decepcionado y sorprendido”, después de que la Agencia Mundial Antidopaje (AMA) decidió impugnar la decisión de la Agencia de Integridad del Tenis Internacional que determinó que no hubo culpabilidad tras sus dos positivos por dopaje.	Deportes
Nintendo y The Pokémon Company demandan al creador de Palworld Las empresas japonesas iniciaron una acción legal en contra de Pocketpair, debido a infracciones de patentes al desarrollar el llamado “Pokémon con armas”.	Ciencia
Usuarios reportan que la alerta sísmica nunca llegó a sus celulares El IFT había asegurado que hoy las empresas enviarían mensajes de emergencia por sismos pero nunca llegaron. Telcel asegura que las alertas dependen del regulador.	Ciencia
El endeudamiento de mexicanos en el exterior representa 35% del PIB El Banco de México (Banxico) dio a conocer que en el segundo trimestre del año se redujo el endeudamiento del mundo desde el 42% reportado en el primer trimestre.	Economia
Inversiones en México se mantendrán, pese a débil Estado de Derecho: UBS El banco de inversión dijo que México mantendrá sus inversiones, aunque sin aprovechar el potencial que ofrece el nearshoring.	Economia
México registra déficit comercial de 4,868 mdd en agosto Las exportaciones mexicanos cayeron 1% y las importaciones crecieron 5.7%, de acuerdo con el Inegi.	Economia
Traspié del peso a la espera del recorte de tasas del BdeM El peso mexicano se debilitó frente al dólar este miércoles, la víspera del anuncio de política monetaria del Banco de México (BdeM).	Economía
Pekín recorta tasas para estimular la economía Pekín. El Banco Central de China anunció ayer nuevas medidas para impulsar la economía, mediante un recorte de diferentes tasas de interés, incluida una de referencia e hipotecaria, así como una reducción del depósito que los bancos deben mantener como reserva.	Economía
Desacelera la inflación anual por cuarta quincena consecutiva La inflación general de la primera quincena de septiembre en México se desaceleró a 4.66 por ciento anual, su menor nivel desde la segunda quincena de mayo de 2024, revelaron cifras del Instituto Nacional de Estadística y Geografía (Inegi).	Economía
Los salarios, programas sociales y remesas mantienen el consumo en México Pese a la inflación y mayor tasa de interés, el consumo privado en México ha sido un pilar para la economía, pero a esta tendencia le queda poco tiempo, advierten analistas.	Economia
Enrique Dussel Peters*: China: ¿desarrollo a través de política industrial? Enfatizamos en la  colaboración del 11 de septiembre de este año la profunda competencia entre Estados Unidos y China por el liderazgo tecnológico global. Esto hubiera sido impensable todavía hace dos décadas y a principios del siglo XXI, bajo el lema de la “China barata”.	Economía
Compras de maíz a Estados Unidos se incrementaron 23% en el sexenio En un contexto en el que la producción de granos básicos se ha estancado, la administración del presidente Andrés Manuel López Obrador terminará con un incremento de aproximadamente 23 por ciento en el volumen de importaciones de maíz desde Estados Unidos.	Economía
¿Cómo funciona el canje de teléfonos de Mercado Libre? Mercado Libre lanzó un nuevo programa llamado Trade in smartphones, con el que puedes canjear tu antiguo celular por un modelo nuevo.	Ciencia
Google demanda a Microsoft por supuesto monopolio en la nube La denuncia fue presentada ante la Comisión Europea, según anunció el propio Google.	Ciencia
La abuelita de la lucha libre, emblema del aficionado fiel Ningún espectáculo deportivo interpela al público como protagonista salvo la lucha libre. Lejos de ser simples espectadores, ahí los asistentes son actores de reparto. Exigen la piedad para unos y condenan al sufrimiento a quien conside-ran que lo merece. Más que una hinchada entusiasta, los aficionados al pancracio son el elenco y a veces las estrellas. Y nadie representa a este protagonista de las butacas como la inolvidable doña Virginia Aguilera, conocida como La abuelita de la lucha libre, quien durante más de medio siglo representó al aficionado fiel y apasionado.	Deportes
Enrique Galván Ochoa: Dinero La presidenta de la República    que tomará posesión el próximo martes, Claudia Sheinbaum Pardo, asistió al congreso nacional de Morena y dijo que no será un partido de Estado; habrá una distancia. Sin que nadie se lo pidiera abdicó al título de jefa de partido, quien ya es jefa de Gobierno, jefa de Estado y comandanta suprema de las fuerzas armadas. La organización guinda enarbolará la bandera de la 4T. Fue fundada por el presidente Andrés Manuel López Obrador. Ha anunciado mil veces que se retirará a su quinta de Palenque, donde, asegura, llevará una vida de aislamiento de la política y los políticos. Incluso no recibirá a amigos. Dos de su círculo más íntimo fueron elegidos para dirigir formalmente al partido: Luisa María Alcalde, como presidenta y Andrés Andy López Beltrán como secretario de Organización. Serán sus ojos y su voz.	Economía
Gana América la Campeones Cup nan	Deportes
Vilma Fuentes: Entusiasmo y melancolía Encuentros deportivos como los Juegos Olímpicos o la Copa Mundial de futbol provocan amplios movimientos de entusiasmo que envidian los políticos y las estrellas de cine. Si nos detenemos unos segundos a observar el aumento de la pasión que suscitan a medida que se desarrollan, podríamos sentir curiosidad por sus causas.	Cultura
Cruz Azul, intratable; vence 1-0 a Chivas y afianza superliderato Hay partidos que marcan la agenda de Cruz Azul. Después del clásico joven con el América, la rivalidad contra el Guadalajara tiene un valor especial. Con ese peso de un escenario importante, La Máquina volvió a cantar victoria en el estadio Ciudad de los Deportes (1-0) para mantenerse como único líder en la Liga Mx y seguir en carrera por el campeonato.	Deportes
Brasil desbloquea cuentas de Starlink y X tras transferencia de 3 mdd El juez del Supremo Tribunal dijo que el levantamiento se ordenó porque la cantidad transferida a las arcas de Brasil alcanzaba el total que X debía al país en concepto de multas.	Ciencia
Seguridad energética, amenazada a nivel mundial por tensiones geopolíticas: WEF La transición energética a nivel global observa avances, en particular en las economías desarrolladas, así como China y Brasil. No obstante, la equidad ha retrocedido y las tensiones geopolíticas causan incertidumbre en la seguridad energética, revela un informe del Foro Económico Mundial (WEF, por sus siglas en inglés).	Economía
Intel aplaza el proyecto para instalar fábricas en Alemania y Polonia El anuncio se presenta después de que se revelara que la empresa recibirá hasta 3,000 millones de dólares del gobierno estadounidense para fabricar semiconductores.	Ciencia
Guadalajara deja escapar valioso triunfo; iguala 1-1 con Monterrey En un partido de mucha intensidad y con polémica arbitral incluida, Chivas dejó escapar un importante triunfo tras empatar 1-1 con el Monterrey en duelo de la jornada 10 del torneo Apertura 2024, disputado ayer en el estadio Akron.	Deportes
De Pemex a Infonavit, él es Octavio Romero Oropeza La presidenta electa, Claudia Sheinbaum, dio a conocer que Romero Oropeza estará al frente del Instituto del Fondo Nacional de la Vivienda para los Trabajadores.	Economia
Pumas sufre de más, pero rescata victoria 1-0 con Xolos Pumas sufrió de más, pero rescató este domingo el importante triunfo 1-0 ante los Xolos de Tijuana, resultado que lo catapultó a zona de liguilla, en duelo correspondiente a la jornada nueve del torneo Apertura 2024 de la Liga Mx, efectuado en el estadio Olímpico Universitario.	Deportes
La inflación cede, pero Banxico enfrenta más retos para bajar tasa de interés La volatilidad en el tipo de cambio generada por el avance de la reforma judicial representa un freno al banco central para  bajar la tasa de interés de referencia.	Economia
El CASA celebra con talleres creativos y tamales el Día Nacional del Maíz Nativo Oaxaca, Oax., Para celebrar el Día Nacional del Maíz Nativo, que se conmemora hoy, la Asociación Civil Francisco Toledo realiza en colaboración con la Fundación Alfredo Harp Helú de Oaxaca (Fahho) actividades en los espacios fundados por el artista juchiteco (1940-2019), quien luchó en defensa del grano a escala estatal y nacional.	Cultura
Banxico sólo tiene espacio para hacer recorte de 25 puntos Los analistas consideran que el banco central debe tener cautela al bajar tasas en periodos de volatilidad y descartan que hagan un recorte de 50 puntos como lo hizo la Reserva Federal.	Economia
Dos olímpicos conquistan  Zúrich Los campeones olímpicos Remco Evenepoel (imagen) y Grace Brown conquistaron ayer las pruebas de contrarreloj en el Mundial de Ciclismo, que se celebra en Suiza. Mientras Brown, una australiana de 32 años, se proclamó campeona del mundo por primera vez tras quedar segunda en los últimos dos años, Evenepoel revalidó su título en 46.1 kilómetros en Zúrich, con un tiempo de 53 minutos y 2 segundos. El belga de 24 años competirá en la carrera de ruta el domingo.	Deportes
Una jubilación digna se complica cada vez más para los mexicanos Una quinta parte de los empleados en el país contempla jubilarse a los 66 años o más, mientras que otro 86% admite ahorrar menos de lo que debería hacerlo en la actualidad.	Economia
BdeM recortará su tasa en un cuarto de punto, anticipa encuesta Analistas económicos consultados por Citibanamex anticiparon un nuevo recorte de 0.25 puntos porcentuales en la tasa de interés de referencia del Banco de México (BdeM) en la reunión de la próxima semana, y estiman que se ubique en 10 por ciento al cierre de 2024.	Economía
China sufre por exceso... de leche El mercado de leche en China enfrenta una situación complicada por el exceso de oferta, la baja demanda y las pérdidas millonarias.	Economia
En el sexenio de AMLO, la banca ganó más de un billón de pesos A lo largo del sexenio del presidente Andrés Manuel López Obrador, el conjunto de bancos privados que operan en el país han ganando poco más de un billón de pesos, un resultado histórico y que coloca a este sector como a uno de los que mejor les fue con el gobierno de la Cuarta Transformación, afirman especialistas.	Economía
David Márquez Ayala: Reporte económico Entre los múltiples logros de    la administración que ahora termina, la producción de alimentos y el avance en la autosuficiencia no es, desafortunadamente, uno de ellos. La producción de los cuatro granos básicos de la alimentación mexicana (maíz, trigo, frijol y arroz) ascendió en 2023 a 31.9 millones de toneladas, apenas 1.0% sobre la producción de 2018 (Gráfico 1). Por productos, en el periodo la producción de maíz aumentó 1%, y la de trigo 18.1, y decrecieron la de frijol –38.3% y la de arroz 11.2%.	Economía
Tigres rescata el empate a dos con León; es sublíder Con polémicas decisiones arbitrales, Tigres rescató el empate 2-2 ante el León con un gol de último minuto del argentino Juan Brunetta. Los universitarios se valieron del criterio del silbante Daniel Quintero Huitrón, quien invalidó dos tantos de los esmeraldas e inclinó la balanza a su favor, para igualar el encuentro.	Deportes
Pemex requerirá 50,200 mdd en los tres primeros años de Sheinbaum, prevé Moody's Sin el apoyo del gobierno la calificación real de Pemex sería una Ca, es decir con un 80% de incumplimiento de sus compromisos financieros.	Economia
México y EU acuerdan que Sader supervise el aguacate para exportación Los gobiernos de México y Estados Unidos acordaron esta transferencia de responsabilidades para agilizar el comercio.	Economia
La obra Nombres de combate reúne en el foro La Gruta historias de vida y resistencia Hay historias que merecen ser contadas, no sólo porque resultan dolorosas o heroicas, sino “porque son testimonios de vida, cariño y resistencia”, afirmó Martín López Brie, dramaturgo y director de Nombres de combate, obra documental que se presenta a partir de hoy en el foro La Gruta, tras haber enfrentado las dificultades propias de la pandemia.	Cultura
Tigres batallan para vencer al último lugar del torneo Tras un duelo que fue más complejo de lo esperado, Sebastián Córdova logró darle a Tigres el triunfo 1-0 sobre el sotanero Ciudad Juárez, en la jornada nueve del torneo Clausura 2024 de la Liga Mx. Con la victoria, los felinos escalaron al segundo puesto de la tabla general con 20 unidades, a dos puntos de diferencia del líder Cruz Azul.	Deportes
Samsung abre sus puertas: así conviven humanos y brazos mecánicos Lo que comenzó como una planta de producción de refrigeradores, hoy es uno de los centros más importantes para Samsung en el mundo.	Ciencia
Fotografiar es un pretexto para buscarme en los otros: Graciela Iturbide Arropada por una larga ovación, la fotógrafa Graciela Iturbide recibió la Medalla Bellas Artes de Oro 2024 en Artes Visuales, que otorga el Instituto Nacional de Bellas Artes y Literatura (Inbal), por sus icónicas imágenes, que conjugan lo documental y lo poético, y que forman parte esencial del acervo gráfico contemporáneo de México.	Cultura
Revolut planea operar en los primeros meses de 2025 Juan Guerra, director general de la firma, dijo que espera arrancar operaciones el siguiente año con una cuenta de débito nivel 4 y transferencias internacionales.	Economia
En medio de la crisis, la industria del gaming busca un nuevo modelo de negocio Los despidos han marcado el año de los videojuegos, pero especialistas apuntan que es una nueva oportunidad para diversificar el contenido y los creadores independientes.	Ciencia
Beneficios sociales y seguro médico, la deuda pendiente Hay una frase en la lucha libre que revela una realidad desafortunada de los gladiadores: “sabemos cómo vamos a subir, pero no cómo va-mos a bajar”. El halo del peligro los acompaña dentro del cuadrilátero, casi todos han sufrido lesiones de alto grado e incluso no han vuelto a despertar tras caer en la lona; pese a los riesgos, la mayo-ría trabaja sin seguro médico, sólo con la confianza de salir ilesos, o mejor aún, vivos.	Deportes
El impacto del nearshoring y las tendencias laborales según MetLife México La escasez de talento calificado, la importancia de beneficios competitivos y la necesidad de una cultura organizacional sólida son los principales desafíos a los que se enfrentan las empresas	Economia
Raúl Pineda saca luz de la oscuridad del dolor y la tragedia que atraviesan el país Traer luz desde la oscuridad es la labor del artista Raúl Pineda, quien con el don de la memoria fotográfica y excesiva persistencia con la técnica antigua de grabado a mezzotinta retrata el horror desencajado de la violencia en México.	Cultura
Chaquito estará fuera tres meses nan	Deportes
Lactalis reduce en casi 10% adquisición de leche en Francia El grupo Lactalis, líder mundial del sector lácteo, anunció que reducirá a finales de año los volúmenes de leche recogidos en granjas francesas y destinados a los mercados internacionales, para centrarse en los productos vendidos en Francia.	Economía
Mercado Pago lo hace oficial: presentó solicitud para ser banco digital La cuenta digital busca la aprobación de licencia bancaria ante la Comisión Nacional Bancaria y de Valores para ofrecer servicios de banca múltiple.	Economia
Yuriria Iturriaga: No sólo de pan... Cuando se sorprende una misma en una categoría de las que son ajenas a la mayoría de las personas que nos han rodeado toda una vida de varios decenios, la sorpresa no es sólo sentir que nos diferenciamos de los compatriotas mexicanos, sino sobre todo, en mi caso, por la repentina nostalgia en mi paladar, olfato y tacto intrabucal del infinito mundo del pan y los pasteles que, como por casualidad, pertenecen al mundo de los trigos, es decir, del gluten que ataca a los orientales y mesoamericanos de vieja cepa, aunque no se nos note…	Cultura
iOS 18, qué incluye esta nueva versión y cómo actualizar tu iPhone Aunque todavía no se ha integrado Apple Intelligence, esta actualización al sistema operativo integra una serie de mejoras.	Ciencia
Haaland marca su gol 100 en empate del City Erling Haaland marcó su gol 100 con el Manchester City. Para el delantero comparado con un androide, más que un número es historia pura. El noruego puso adelante a su equipo ante el Arsenal, que se quedó con 10 jugadores, pero también inspiró el empate 2-2 durante los últimos minutos, que John Stones se encargó de sentenciar.	Deportes
Los rendimientos de los Cetes tocan su nivel más bajo desde enero Los rendimientos de los Cetes a 28 días tuvieron la tasa más baja desde enero pasado ante la expectativa de que Banxico haga más recortes a la tasa de referencia.	Economia
Con AMLO, México se consolidó como el principal socio de EU Durante la administración del presidente Andrés Manuel López Obrador (AMLO), por primera vez en la historia, México se convirtió y se consolidó como el principal socio comercial de Estados Unidos, la mayor potencia económica del mundo. Sin embargo, dicen especialistas, en el futuro cercano aún quedan retos importantes, por ejemplo, definir la relación con otro gigante mundial, China, y la revisión del T-MEC, instrumento que potenció la relación.	Economía
Nadal vuelve a competir para liderar a España en la final de Copa Davis París. La leyenda del tenis Rafael Nadal, junto con el número tres mundial, Carlos Alcaraz, liderará a España en la Final 8 de la Copa Davis, anunció el equipo capitaneado por David Ferrer sobre el torneo que se disputará del 19 al 24 de noviembre, en Málaga.	Deportes
Instituciones de crédito en incertidumbre por la Reforma Judicial, dice Moody’s Las pequeñas y medianas empresas enfrentarán una desaceleración en los créditos dada la falta de certeza jurídica para las instituciones financieras no bancarias.	Economia
El gobierno de Sheinbaum necesitará una nueva política para atraer inversiones Consumada la desaparición de ProMéxico, los esfuerzos por atraer inversión extranjera se dividieron. Los especialistas cuestionan si con un ente líder podría lograrse aún más.	Economia
México expropia minera Calica; la empresa estadunidense impugnará La firma estadunidense Vulcan Materials anunció que va a impugnar legalmente la decisión del gobierno mexicano, anunciada el lunes en la noche, de expropiar los terrenos de la mina Calica en Quintana Roo.	Economía
La escritura manual de código tiene los días contados, vaticina el CEO de NVIDIA Jensen Huang explicó que sus 32,000 ingenieros de software estarán acompañados de 100 veces más asistentes digitales, las 24 horas del día, los 7 días de la semana.	Ciencia
La Condusef alerta por suplantación de identidad de 24 financieras Veinticuatro instituciones debidamente constituidas han reportado la suplantación de su identidad para cometer fraudes entre los usuarios.	Economia
Bravos vencen a los Mets y se acercan al comodín Atlanta. Los Bravos de Atlanta hicieron la tarea en la lucha por alcanzar el boleto de comodín para la postemporada de Grandes Ligas. Al ganar 5-1 a los Mets de Nueva York, quedan a una victoria de conseguir la meta.	Deportes
Javier Aranda Luna: Kundera: la novela como desafío y rebeldía El 8 de diciembre de 1968, ese año recurrente en la historia del mundo, cuatro amigos se embarcaron en una expedición extraordinaria a Praga.	Cultura
Sobre el cuadrilátero, un aguerrido ritual que cautiva al público En medio del crecimiento mediático de la industria del entretenimiento, la lucha libre mexicana mantiene su identidad popular y cercanía con la afición, que integrada por profesionistas, trabajadores, niños e incluso extranjeros complementan el escenario de un espectáculo donde se mezclan el deporte, el drama y la cultura.	Deportes
Leyendas del pancracio regresan a la Coliseo en el Día nacional del luchador Un hombre, en otras ocasiones una mujer, con una máscara sube al ring de la arena Coliseo, la afición lo ovaciona, no importa si es rudo o técnico, todos saben que está en ese cuadrilátero para arriesgar la vida en medio de uno de los espectáculos más vistosos, folclóricos y polémicos del deporte: la lucha libre. Místico, Octagón y Atlantis, leyendas de esta disciplina, fueron ayer representantes históricos en una función con motivo del Día nacional del luchador y la lucha libre.	Deportes
El papel de la economía del bienestar en los gobiernos modernos La economía del bienestar prioriza la salud y la felicidad de las personas, colocando estos valores al mismo nivel, o incluso por encima, de los indicadores económicos tradicionales como el PIB.	Economia
Cetes a dos años reducen rendimientos a un dígito, anticipa recorte de Banxico Todos los plazos de los Cetes redujeron sus ganancias, pero el plazo de dos años ofrece la tasa más baja de 9.92%, a la espera de que Banxico haga un nuevo recorte.	Economia
Jaime Munguía regresa a lo grande  y gana por nocaut Jaime Munguía regresó al ring en plan grande. En una dura pelea contra el canadiense Erik Bazinyan, en Glendale, Arizona, el pugilista mexicano consiguió la victoria por la vía del nocaut en el décimo asalto, luego de un poderoso gancho con la mano izquierda que ocasionó el derrumbe de su rival. Bazinyan intentó pararse, recibió la cuenta del réferi, pero no encontró fuerza en las piernas y aceptó la derrota. El combate dejó en las manos del tijuanense el título de plata de peso supermediano del CMB. “Fue una pelea fuerte, pesada, pero en ningún momento Bazinyan me lastimó. Tuve que ir abriéndolo poco a poco. Ahora, queremos las mejores peleas. El siguiente año me gustaría enfrentar a Caleb Plant o Édgar Berlanga”, declaró Munguía, quien no peleaba desde su derrota ante el tapatío Saúl Canelo Álvarez.	Deportes
AMLO busca convertir a CFE Telecom en una empresa pública La iniciativa de reforma quiere que CFE TEIT sea la principal compañía en proveer internet a todo el país, respecto a sus competidores, cambiando su estatus de estatal a pública.	Ciencia
Telmex suspende la atención de quejas y de Centros de servicios en Culiacán El Sindicato de Telefonistas dijo que debido a los enfrentamientos armados en la entidad, se decidió no abrir las tiendas, ni los centros de trabajo para resguardar la integridad de sus técnicos.	Ciencia
México pierde en penales ante las leyendas de la FIFA Con planteles repletos de figuras de otras épocas, los equipos de leyendas de la FIFA y el Monterrey protagonizaron un partido de exhibición que congregó a miles de personas en el estadio BBVA, actual casa de los Rayados y una de las sedes en México de la Copa del Mundo 2026. Andrea Pirlo, Dwayne de Rosario y Youri Djorkaeff marcaron por los internacionales, mientras los ex seleccionados tricolores Luis Hernández, Miguel Layún y Jorge Campos lograron el empate a tres. Ya en los penales, los representantes de FIFA se impusieron 5-4. Dada la inactividad de los participantes desde su retiro profesional, los organizadores ajustaron las dimensiones del terreno de juego. Entre las leyendas de la FIFA estuvieron el arquero Gianluigi Buffon, Alessandro del Piero, Didier Drogba, Carles Puyol, Xavi Hernández y Diego Forlán. Por México destacaron Oribe Peralta, Luis Hernádez, Jorge Campos, Guillermo Franco, Paul Aguilar y el técnico Bora Milutinovic.	Deportes
León Bendesky: El ejemplo El escritor inglés H.G. Wells apuntó que la Historia y la supervivencia misma dependen de una carrera entre la educación y la catástrofe. Esta idea es adecuada para reflexionar sobre cuestiones que hoy son relevantes como la persistente violencia que hay en el mundo, o bien, la incapacidad de la humanidad para contener la degradación del medio ambiente.	Economía
Mexicana presenta el avión Embraer que se sumará a su flota en 2025 Zumpango, Méx., Con el fin de consolidarse en la industria del transporte aéreo nacional, Mexicana de Aviación, la aerolínea del Estado mexicano, presentó el avión Embraer E195-E2, modelo del que se adquirieron 20 unidades y que la aerolínea empezará a recibir a partir de mayo de 2025.	Economía
"OpenAI lanza una nueva serie de modelos de IA con capacidad de ""razonamiento"" El modelo conocido internamente como strawberry tuvo altas calificaciones en pruebas de matemáticas y codificación. Pero la empresa reconoce que aún puede dar respuestas limitadas."	Ciencia
Los Cetes reducen rendimiento previo a decisión de Banxico La próxima semana, el Banco de México (Banxico) dará a conocer su decisión de política monetaria y los Cetes disminuyeron los rendimientos en todos los plazos.	Economia
Concentra la manufactura el flujo de inversión extranjera: SE Entre enero de 2023 y septiembre de 2024, el sector privado realizó 575 anuncios de inversión en México por más de 170 mil 644 millones de dólares, revelan datos actualizados de la Secretaría de Economía (SE).	Economía
Desequilibrio en la balanza comercial acumuló 10 mil 438 mdd hasta agosto La balanza comercial del país observó en agosto de 2024 un déficit de 4 mil 868 millones de dólares, dinamismo que se explicó por el retroceso de uno por ciento en las exportaciones frente a igual periodo del año anterior, informó el Instituto Nacional de Estadística y Geografía (Inegi).	Economía
Yanquis, ya clasificados a playoffs, caen 9-4 con Pittsburgh Nueva York., Los Yanquis, ya clasificados a la postemporada de las Grandes Ligas, cayeron ayer 9-4 ante los Piratas de Pittsburgh, que pegaron cinco jonrones, incluyendo cuatro frente al novato dominicano Luis Gil. Con este resultado, se retrasó que el equipo de Nueva York consiguiera la ventaja de casa en los playoffs de la Liga Americana.	Deportes
Banxico proyecta apogeo del nearshoring en México entre 2026 y 2030 En una encuesta de Banco de México, el 41.3% de las empresas consultadas estima que el mayor beneficio del proceso de relocalización se dará durante ese periodo.	Economia
Retrasos del ferrocarril México-EU afectan el suministro agrícola Chicago. Los retrasos en el transporte ferroviario están perturbando el comercio de exportación entre Estados Unidos y México y obstaculizando las cadenas de suministro agrícola en plena cosecha de otoño boreal, denunciaron ayer organizaciones agrarias.	Economía
Volkswagen negocia con sindicatos Después del explosivo anuncio de Volkswagen de que podría cerrar fábricas en Alemania por primera vez, la dirección de la empresa y los sindicatos iniciarán tensas conversaciones sobre un nuevo acuerdo salarial. La empresa ha subrayado repetidamente que sus costes son excesivos y sus márgenes de beneficio demasiado bajos, especialmente en su marca principal.	Economía
Filis se coronan en el Este de la Nacional; terminan con el dominio de Bravos Filadelfia. Los Filis de Filadelfia ganaron la División Este de la Liga Nacional por primera vez desde 2011 y aseguraron ese título con una victoria por 6-2 sobre los Cachorros de Chicago. Además, terminaron con la racha de Bravos de Atlanta de coronarse durante seis temporadas consecutivas en esa división.	Deportes
IFT prevé publicar nuevas medidas regulatorias para América Móvil en noviembre El regulador tiene como obligación revisar cada dos años las medidas regulatorias de la compañía controlada por Carlos Slim para verificar si han generado competencia en las telecomunicaciones.	Ciencia
Telmex suspende a Sebog servicio de resguardo de información por impagos Triara, división de Centros de Datos de Telmex, suspendió los servicios de resguardo de información a Gobernación por el impago de 63.7 millones de pesos.	Ciencia
El desempleo en Alemania aumenta más de lo previsto Berlín. El número de desempleados en Alemania aumentó más de lo previsto en septiembre, en una nueva señal de los retos a los que se enfrenta la mayor economía de Europa.	Economía
Título de la Copa de Campeones motiva  al América para duelo ante Pumas: Dávila La reciente obtención del título de la Copa de Campeones es un factor que motiva al América de cara al clásico capitalino de este domingo ante Pumas, aseguró el delantero Víctor Dávila, quien además indicó que más allá de tratar de derrotar a uno de sus acérrimos rivales, su equi-po buscará a toda costa el triun-fo para ubicarse en zona de liguilla.	Deportes
Recauda el SAT en seis años 3.5 billones de pesos Durante el sexenio que está por concluir, el Servicio de Administración Tributaria (SAT) recaudó 3.5 billones de pesos mediante auditorías y promoción de cumplimiento, lo que representó 2.3 billones de pesos más que en el sexenio anterior y un crecimiento real de 120.2 por ciento a agosto de este año.	Economía
Sofipos ven oportunidades en su figura, a pesar de la migración bancaria La Asociación Mexicana de Sofipos (AMS) considera que con una nueva regulación, las instituciones pueden seguir creciendo con ayuda de la regulación y la tecnología.	Economia
Dallas, de la esperanza a la frustración Lamar Jackson y Baltimore resistieron un intento de remontada de Dallas, que llegó tarde. Con dos anotaciones del estelar mariscal de campo, los Cuervos derrotaron 28-25 a los Vaqueros en un encuentro marcado por el suspenso de los minutos finales.	Deportes
Openbank lanza su lista de espera para clientes mexicanos Openbank México abre en su sitio web la lista de espera para aquellos usuarios que quieran acceder a la oferta de este nuevo banco digital.	Economia
Dubois noquea a Joshua y retiene cetro de los pesados Londres. Daniel Dubois retuvo el título de los pesados de la Federación Internacional de Boxeo (FIB) al noquear en el quinto asalto al ex bicampeón Anthony Joshua, en la primera defensa de su cinturón realizada en el estadio de Wembley	Deportes
Janet Yellen se opone a reducir requisitos de capital para bancos La secretaria del Tesoro de Estados Unidos pidió seguir trabajando para que el sistema financiero sea resistente a los tiempos de turbulencias.	Economia
López Obrador inaugura en Veracruz el Centro Cultural Leyes de Reforma Veracruz, Ver., El presidente Andrés Manuel López Obrador inauguró ayer en el puerto de Veracruz el Centro Cultural Leyes de Reforma, y realizó un recorrido por la recién rehabilitada Casa Benito Juárez, espacios que abrirán sus puertas a los visitantes a partir de noviembre, mediante los cuales se busca generar una reflexión sobre las leyes más importantes publicadas en el siglo XIX.	Cultura
Entregan a Tolita y María Figueroa Medalla de Oro Bellas Artes 2023 en teatro Las hermanas Tolita y María Figueroa fueron distinguidas este martes con la Medalla de Oro Bellas Artes 2023 en la disciplina de teatro. Este reconocimiento celebra su destacada trayectoria y prolífica obra en el ámbito del vestuario y la escenografía, campos en los que “han dejado una huella imborrable durante más de tres décadas”.	Cultura
Muñeca Lele otomí representa la principal fuente de empleo en Santiago Metztititlán Pachuca, Hgo., Artesanas indígenas otomíes de Santiago Metztititlán, municipio de Amealco de Bonfil, estado de Querétaro, por generaciones han elaborado la tradicional muñeca Lele, la cual nació por el deseo de las niñas de esa localidad de jugar a ser mamás.	Cultura
TikTok y el Departamento de Justicia se enfrentan en los tribunales de EU Los abogados de TikTok se enfrentarán al Departamento de Justicia en un tribunal de Washington sobre el destino de una ley que podría prohibir la aplicación de vídeos cortos.	Ciencia
PlayStation lanza edición limitada con aspecto noventero Esta consola evoca al aspecto del primer equipo, lanzado por Sony en 1994, y forma parte de la celebración por sus 30 años.	Ciencia
Los Tuzos salen de su crisis; derrotan al Puebla de visita El Pachuca reordenó las piezas de su rompecabezas. Sin victorias en las fechas anteriores, los Tuzos volvieron a ganar en la Liga Mx al imponerse 3-2 al Puebla en el estadio Cuauhtémoc. Mucho tuvo que ver la debilidad defensiva de La Franja, pero más la contundencia de los delanteros Salomón Rondón y Nelson Deossa, quienes fueron figuras en el ataque.	Deportes
Silvia Ribeiro*: Ayotzinapa, ni impunidad ni olvido Sin saber su paradero, sin justicia y en un tortuoso camino de encubrimientos e impunidad, se cumplen este 26 se septiembre 10 años de la desaparición forzada de 43 estudiantes de la escuela normal Raúl Isidro Burgos en Ayotzinapa y el asesinato de seis personas, tres de ellos estudiantes.	Economía
Gasolina Magna va por su segunda semana sin subsidios Durante la semana del 14 al 20 de septiembre, los consumidores pagarán 6.1752 pesos por el Impuesto Especial sobre Producción y Servicios (IEPS) por litro de gasolina regular.	Economia
CFE Telecom perfila a nuevo CEO para impulsar el proyecto de internet Según dos fuentes con conocimiento del tema, al interior de la compañía se ha puesto sobre la mesa el nombre de Emiliano Calderón Mercado para ser el nuevo CEO de la estatal de telecomunicaciones.	Ciencia
Empresas de EU reactivarán anuncios de inversión; confían en Sheinbaum Tras detener un anuncio importante de inversión por la reforma judicial, la American Society of Mexico informó que en próximas fechas se retomará, pero con cautela.	Economia
Hermann Bellinghausen: Stravinski y la vendedora de discos La segunda parte de    los años 40 del siglo XX la Ciudad de México debió ser tranquila, optimista, promisoria. El cielo azul y limpio, sin sorprender a nadie, era lo normal desde siempre en la ciudad de los lagos, finalmente derrotados por nosotros, el futuro. Allí se hizo una familia de tantas, venida a menos, parecida a las que salían en las películas de los Soler, Pedro Infante y sobre todo Joaquín Pardavé. La conformaban seis varones y cuatro hembras. A tono con la época, los primeros eran la debilidad de la madre, y sus derechos del hombre, sagrados. Se contaban el alcohólico, el vividor, el perezoso, el que odiaba ser mexicano, el menor de edad y el único que estudió una carrera. Ninguno tenía la obligación de aportar a la casa, que como quiera se la pasaba en dificultades financieras; siempre estaban “arrancados”. Tampoco a mamá le gustaba el trabajo, y papá lo hacía de mala gana, no viendo la hora en que se iría de caza o a escuchar ópera y música clásica con sus amigos. Pronto comenzaría a recibir su pensión de burócrata.	Cultura
Ten Hag se une a críticas por saturación de partidos Londres. El técnico neerlandés del Manchester United, Erik ten Hag, criticó la sobrecarga de partidos, ya que considera “casi inevitables” las lesiones graves que sufren los futbolistas, como ocurrió el pasado fin de semana con el arquero alemán Marc-André Ter Stegen (Barcelona) y el mediocampista español Rodri (Manchester City).	Deportes
Caso FTX: el rol Caroline Ellison en el fraude y por el que pasará 2 años presa La exdirectora de Alameda Research, el fondo de cobertura personal de Bankman-Fried, también deberá pagar una multa de 11,000 mdd.	Ciencia
BBVA advierte que reforma al Poder Judicial socava el Estado de derecho Un análisis del banco considera que las perspectivas de crecimiento económico de México también pueden deteriorarse.	Economia
Salir del bache en natación será imposible con el modelo actual: Liliana Ibáñez Mientras el sistema deportivo mexicano se mantenga obsoleto y la lucha de egos entre las autoridades no se detenga, será imposible que la natación salga del bache en el que se encuentra desde hace décadas. Liliana Ibáñez, una de las más experimentadas en la disciplina, levantó la voz ante la profunda crisis que prevalece en el país.	Deportes
Ó: Instrucciones para salir del agua desmonta el mito de Ofelia con mirada feminista “Ser o no ser”, se escucha en escena. La famosa frase no la pronuncia Hamlet, sino una mujer que cuestiona si la opción es morir, dormir o tal vez soñar. Se trata de la propuesta escénica Ó: Instrucciones para salir del agua, en la que se conjuga teatro físico y danza para repensar al personaje shakesperiano Ofelia desde una mirada moderna y feminista. María Fernanda Baez interpreta el unipersonal que inició temporada en el teatro El Milagro.	Cultura
Alerta sísmica llegará a los teléfonos el próximo 19 de septiembre: IFT Telcel, AT&amp;T, Telefónica y Bait comenzarán a enviar notificaciones de emergencia  por sismos, huracanes o inundaciones en celulares.	Ciencia
El mercado de tabletas busca conquistar a los diseñadores, creativos y melómanos Lenovo y Huawei presentaron sus nuevas tabletas para el mercado mexicano bajo la coincidencia de que apuestan por conquistar a los creativos.	Ciencia
Es poco probable que México pierda grado de inversión: Moody's La agencia señala que un mayor déficit fiscal, absorber deuda de Pemex y un bajo crecimiento sí pueden impactar su calidad crediticia.	Economia
¿Abren los bancos el 1 de octubre? Esto dice el calendario de la CNBV El 1 de octubre, Claudia Sheinbaum toma posesión como la primera presidenta de México, esto implica un suceso de trascendencia nacional, por lo cual la mayoría de los empleados descansará.	Economia
Aumentó el ingreso de divisas turísticas; elevar la llegada de viajeros es el gran reto Uno de los indicadores que marcan la potencialidad turística de una nación es la captación de divisas de los viajeros internacionales, afirma Miguel Torruco, titular de la Secretara de Turismo (Sectur). Medido de esa forma, a lo largo de este sexenio, el país ha incrementado su presencia a nivel mundial, según muestran datos oficiales.	Economía
Coparmex advierte que reforma judicial afectará proyectos clave para la economía El organismo empresarial lamenta la aprobación en el Senado de la República, señaló que es una decisión que no tomó en cuenta las diferentes voces.	Economia
Las auditorías dan ingresos por 3.5 billones de pesos al SAT De estos recursos, 1.426 billones de pesos se obtuvieron por auditorías a grandes contribuyentes, informa el fisco.	Economia
José Antonio Rojas Nieto: La economía de Estados Unidos: la cuarta La apreciadísima doctora    Edith Klimovsky Barón, profesora distinguida de la UAM Azcapotzalco, presentó en el reciente congreso de Economía Matemática de Tlaxcala una ponencia en la que plantea –Edith dixit– los ejes que determinan y muestran la relación entre salarios y beneficios. Relación fundamental desde los Clásicos, evidente en Marx y, sin duda –a pesar de todo– en los Neoclásicos.	Economía
Expertos: el mayor desastre ecológico en la Riviera Maya La mina Sac-Tun, antes conocida como Calica, propiedad de Vulcan Materials es “el mayor desastre ecológico” en la Riviera Maya, pues durante más de tres décadas se extrajo material para exportar por barco a Estados Unidos, de acuerdo con especialistas y el gobierno mexicano.	Economía
Tequila, en la mira de China Qionglai, Chengdú., En medio de las montañas que albergan uno de los sitios más grandes de observación de luciérnagas de Asia, está creciendo el atractivo mexicano como parte de la comercialización de destilados. Qionglai –un condado con 2 mil 300 años de historia que se remiten a la antigua Ruta de la Seda– busca incluir al tequila en su proyecto de erigir la meca de las bebidas espirituosas; e incluso importar el jugo de agave para producción local.	Economía
México busca ser el máximo exponente en la Homeless Cup Luego de un largo viaje a Corea del Sur, las selecciones mexica-nas de futbol de calle cumplieron el objetivo de estar en la final de la Homeless World Cup y están a un pasó de convertirse en los máximos exponentes de este torneo.	Deportes
Vilma Fuentes: Buenos días, Jacques (1936-2024) Jacques Bellefroid murió la mañana del 20 de septiembre de 2024. Escribo esta frase poco más de 24 horas después de sucedido este escándalo indecible. Las fechas se me confunden y los días no cesan de girar en la ruleta de las horas, que se repiten al infinito, los mismos, siempre y para siempre. Como tu muerte, Jacques, como tu vida, como nuestro amor. No comprendo cómo puedo seguir viva mientras tú estás muerto, al menos es lo que me dicen. Lo que me dijo Tania ayer en los inicios de una tarde asoleada, aquí, en el hospital Charles Foix, en las afueras de París, donde estoy hospitalizada y sigo viva cuando tú ya te has ido de aquí a no sé dónde. ¿Cómo podré encontrarte de nuevo en la infinita inmensidad adonde te has ido? Búscame, te pido que me busques. Sólo tú puedes encontrarme en este laberinto sin túneles ni pasajes, sin muros ni puertas, sin señales ni sentidos.	Cultura
“Me quedaría corto al hablar de lo que significa La Jornada para México” Hace poco más de 40 años “había más periodismo, por decirlo de alguna manera, pues además de los grandes diarios, estaban otros como El Figaro, Cine Mundial, El Redondel, la segunda de Ovaciones, el Últimas Noticias, el Extra. Hoy es una cochinada, cualquiera es difusor de noticias y de no noticias; están por otros lados. Ante ese panorama, qué importante es que exista La Jornada, porque le da su lugar a los lectores”.	Cultura
Moody's prevé que reforma judicial debilite la calidad crediticia de México Los cambios en el sistema judicial perjudicarían a las futuras inversiones en nearshoring, dice la agencia calificadora.	Economia
“Hemos luchado por un mundo diferente” Las Medallas Bellas Artes 2023 y 2024 en los ámbitos de Arquitectura y de Patrimonio fueron entregadas ayer a Enrique Ortiz, Sara Topelson, Gabriel Mérigo y Salvador Aceves.	Cultura
Joseph E. Stiglitz, Kevin P. Gallagher, Martín Guzmán y Marilou Uy Especial para La Jornada: El FMI debe poner fin a sus destructivos recargos nan	Economía
Ser longevo en el cuadrilátero requiere mentalidad y fuerza: Felino La longevidad puede ser una de las grandes bondades de la lucha libre, siempre y cuando “cuides tu cuerpo y aprendas a escucharlo”, aseguró Felino, quien a los 60 años y con una trayectoria de cuatro décadas sigue cautivando a los aficionados en cada función con impresionantes llaves y espectaculares acrobacias.	Deportes
YouTube lanza una nueva herramienta para ayudarte en una emergencia médica A través de su división Health, la plataforma de videos colaboró con instituciones certificadas, como la Cruz Roja, para dar información sobre situaciones de urgencia.	Ciencia
Ocupa México séptimo lugar en adopción de inteligencia artificial México es uno de los países adoptantes de inteligencia artificial (IA), con un índice de 46.85 puntos, lo que lo coloca en la séptima posición entre 19 que se encuentran incorporando esta tecnología, informó la Comisión Económica para América Latina y el Caribe (Cepal).	Economía
"Banqueros esperan que leyes secundarias de reforma judicial den certidumbre Tras la aprobación de la reforma al Poder Judicial,  los banqueros esperan que en las leyes secundarias se afinen detalles que permitan una reforma ""exitosa""."	Economia
Durante el sexenio fueron repatriadas 14 mil 48 piezas, destacan en la mañanera En una de las últimas conferencias mañaneras presidenciales, funcionarios presentaron un balance de las acciones de recuperación de la memoria histórica y la preservación del patrimonio cultural, en el que se destacó la repatriación de 14 mil 48 piezas desde el extranjero.	Cultura
La austeridad selectiva predominó en el gobierno de AMLO Más que recortes a gastos onerosos o generar ahorros, el gasto público llegó a niveles récord, obedeciendo a prioridades y obligaciones del gobierno a cargo de Andrés Manuel López Obrador.	Economia
Claudia Sheinbaum se reunirá con empresarios de Estados Unidos en octubre En medio de voces empresariales que dicen que las inversiones se han detenido por la reforma judicial, Marcelo Ebrard anunció la asistencia de la próxima presidenta de México en el CEO Dialogue.	Economia
Carlos Fernández-Vega: México SA Ernesto Zedillo fue uno    de los seis depredadores del Estado instalados en Los Pinos durante el régimen neoliberal y, al igual que los otros gerentes de la misma estirpe, se dedicó a entregar los bienes de la nación al gran capital. Si bien su sello sexenal fue el ilegal “rescate” de la banca, vía Fobaproa, este personaje que ahora intenta reivindicar la derecha autóctona fue más allá, siempre en contra de los intereses nacionales.	Economía
La OCDE ajusta a la baja su previsión del PIB para México De acuerdo con el organismo, la economía mexicana crecerá 1.4% este año, 0.8% menos que en la previsión anterior.	Economia
Confía sector empresarial en remontar pronóstico de crecimiento El Consejo Coordinador Empresarial (CCE) confió en que la economía mexicana superará los pronósticos de crecimiento que apuntan hacia la desaceleración.	Economía
Amazon lanza un nuevo bot que te ayudará a crecer las ventas La empresa dio a conocer a Amelia para obtener los datos de venta e inventario de un negocio que está en la plataforma.	Ciencia
Cómo crear un diario personal con la IA de WhatsApp La inteligencia artificial de WhatsApp, Meta AI, puede aprovecharse para realizar y simplificar diferentes tareas. Aquí te explicamos cómo crear un diario personal	Ciencia
Intel, el nuevo objeto del deseo en la industria tech La empresa pionera de la industria de los chips ha sido objeto de nuevos rumores sobre una posible adquisición por parte de Qualcomm, así como inversiones de firmas de capital.	Ciencia
“La conclusión del proyecto Naturaleza y Cultura es una prioridad del gobierno entrante” El proyecto Chapultepec: Naturaleza y Cultura no se ha dado por concluido. Se mantendrá como prioritario para el próximo gobierno federal, afirmó la subsecretaria de Desarrollo Cultural de la Secretaría de Cultura federal (SC), Marina Núñez Bespalova.	Cultura
Lucía García rescata a Rayadas Como una de las jugadoras de mayor jerarquía internacional, la española Lucía García rescató al campeón Monterrey para conseguir un agónico empate 1-1 ante León en el estadio Nou Camp. Las Rayadas, que han sufrido en el torneo Clausura 2024 de la Liga Mx Femenil, desplazaron al América del tercer puesto con 26 unidades después de 12 jornadas, al tiempo que las Esmeraldas tienen 12 puntos.	Deportes
Elena Poniatowska: El Grito En la madrugada del 16 de septiembre del 1810, el “Grito de Independencia”, que según la historia dio el cura Miguel Hidalgo y Costilla en el pueblo de Dolores, Guanajuato, rasgó el cielo e hizo que estallara el movimiento de Independencia.	Cultura
TikTok vs EU: una historia de antaño que no tiene fin claro Aunque la prohibición llegaría en enero de 2025, la empresa interpuso una demanda para evitar su restricción, mientras que los candidatos a la presidencia tampoco la quieren bloquear.	Ciencia
Microsoft confía en México; invertirá 1,300 mdd para ampliar su alcance en IA El CEO de la compañía, Satya Nadella, destacó que este capital será para mejorar las capacidades de nube e IA en la región.	Ciencia
Uber y Didi operan en los mismos sitios del AICM, pese a restricciones Los usuarios continúan pidiendo el servicio de taxis por aplicación y Uber apunta que continuará operando con regularidad.	Ciencia
Alistan inauguración del Museo Vivo del Muralismo A pocos días del final del gobierno del presidente Andrés Manuel López Obrador, concluyeron las obras de restauración, rehabilitación y mantenimiento del Museo Vivo del Muralismo (MVM), que se prevé inaugurar esta semana en el edificio histórico de la Secretaría de Educación Pública (SEP), reconocido como patrimonio mundial de la Organización de Naciones Unidas para la Educación, la Ciencia y la Cultura (Unesco).	Economía
Cruz Azul, líder arrollador; remonta y se impone a Pachuca en el Hidalgo El líder Cruz Azul apareció tarde en el estadio Hidalgo. Durante más de 40 minutos jugó un equipo errático, irreconocible, y que se fue abajo con dos goles en el marcador. Pero una vez que funcionó su plan de partido, con el mismo grado de dificultad de siempre y la expulsión incluida de Sergio Damián Barreto por una fuerte entrada sobre Luis Romo, La Máquina vino de atrás para ganar 4-2 y mantenerse en la cima de la Liga Mx.	Deportes
El IFT pedirá 1,680 mdp de presupuesto pese a reforma para eliminar a autónomos El regulador aseguró que la partida que solicitará a Hacienda es la misma que le fue aprobada para este año e incluso más baja si se toma en cuenta la inflación.	Ciencia
Mira Murati, CTO de OpenAI, deja la empresa El 2024 ha sido un año complicado para la startup de Inteligencia Artificial, pues varios de sus ejecutivos y fundadores han renunciado.	Ciencia
México ratifica hegemonía en la Homeless Cup en Corea del Sur México ratificó su hegemonía en la Homeless World Cup llevada a cabo en Seúl, Corea del Sur, y se consagró como el máximo ganador de este torneo. La selección varonil le ganó 6-5 a Inglaterra en el último momento para evitar los penales, con lo que obtuvieron su quinto título, mientras el equipo femenil consiguió su novena corona luego de vencer a Rumania 5-2 el día de ayer.	Deportes
La ONU formula siete recomendaciones para regular la IA La ONU creó el año pasado un órgano consultivo de 39 miembros para abordar los problemas de la regulación internacional de la IA.	Ciencia
Rappi considera debutar en la Bolsa de Nueva York en un año Rappi opera en nueve países de la región y es considerada como un unicornio tecnológico con una valoración que supera los 5,000 millones de dólares.	Ciencia
Confirma Sheinbaum salida de Gabriel Yorio de la Subsecretaría de Hacienda El subsecretario de Hacienda, Gabriel Yorio González, no repetirá en el cargo durante el próximo sexenio, así lo confirmó la próxima titular del Ejecutivo federal.	Economía
En Calica no hubo expropiación, se aplicó la defensa del territorio: AMLO “No hay expropiación” de los bancos de materiales que explotaba la gigante minera Vulcan Materials en las costas de Quintana Roo, aseveró el presidente Andrés Manuel López Obrador.	Economía
Me voy con la conciencia tranquila y sin arrepentimientos: Ana Guevara Convencida de que cumplió con su deber, a pesar de las críticas que afrontó desde su llegada al cargo en 2018, Ana Guevara aseguró ayer que dejará la dirección de Comisión Nacional de Cultura Física y Deporte (Conade) sin arrepentimientos, con la conciencia tranquila y segura de que no gozó de sobreprotección en su administración.	Deportes
Cómo Caliente pasó de anunciar apuestas a transmitir la Champions League La compañía ha entrado a la ‘guerra del streaming deportivo’ para captar una parte de este nicho de mercado y con ello consolidar su principal negocio: las apuestas.	Ciencia
TelevisaUnivision nombra como nuevo CEO a un exdirectivo de Google Se trata de Daniel Alegre, en sustitución de Wade Davis,  quien cuenta con una amplia experiencia en empresas de tecnología y trabajando con la comunidad hispana en EU, México y América Latina.	Ciencia
Fátima Herrera, sin miedo a nada,  hizo historia en el ring de París 2024 El surgimiento de referentes en el deporte de mujeres comienza a forjar a nuevos talentos. Inspira-da en las proezas de Jackie Nava y Ana María Guerrera Torres, Fátima Herrera peleó por llegar a París 2024, donde hizo historia al convertirse en la primera boxeadora mexicana en conseguir una victoria en unos Juegos Olímpicos.	Deportes
Denuncian a Visa por monopolio en Estados Unidos El Departamento de Justicia de Estados Unidos busca denunciar a la empresa  por monopolio en el mercado de tarjetas de débito, de acuerdo con un reporte de Blomberg.	Economia
Trump amaga con arancel de 100% a autos que entren por la frontera con México El candidato presidencial dijo que la única manera de que se libren de esa cuota es si quieren construir una planta en Estados Unidos.	Economia
Eliminación de subsidios a gasolinas impedirá bajas en sus precios La medida de disminución de los estímulos fiscales obedece más a la necesidad de incrementar la recaudación de impuestos para reducir el déficit fiscal, consideran especialistas.	Economia
El combate tradicional, acto de resistencia ante la espectacularidad del wrestling estadunidense En las décadas de los años 50 y 60 la lucha libre mexicana fue célebre por el combate a ras de lona, el uso de llaves y máscaras multicolores que la convirtieron en patrimonio cultural. Desde los 80, la influencia del wrestling estadunidense, caracterizado por su espectacularidad y el uso de múltiples objetos –mesas con fuego, sillas y escaleras–, impactó en la forma en que algunos aficionados conciben este deporte.	Deportes
China presenta medidas de relajación monetaria para reactivar la economía El Banco Popular de China recortará el tipo de interés de las operaciones dobles a siete días en 0.2 puntos porcentuales, hasta el 1.5%.	Economia
Gasto de bolsillo en salud pega a familias Los gastos médicos inesperados en México pueden representar un golpe al bolsillo del ciudadano, alcanzando un costo medio nacional de 117 mil 766 pesos en 2023, estimó la Asociación Mexicana de Instituciones de Seguros (AMIS).	Economía
Amazon agrega a PayPal como método de pago en pedidos de Comprar con Prime Esta nueva opción estará disponible para los usuarios que realicen compras en sitios web de terceros, con membresía Prime.	Ciencia
OpenAI crea una junta de seguridad capaz de detener nuevos lanzamientos La empresa busca mejorar sus procesos de protección, confianza y transparencia en medio de la búsqueda de una nueva ronda de financiación multimillonaria.	Ciencia
Galardona el Inbal a tres “grandes artistas que tejieron el lienzo de la plástica mexicana” Entre ovaciones y vítores, la escultora Geles Cabrera (1926) y los pintores Arturo Estrada (1925) y Guillermo Monroy (1924) recibieron la Medalla Bellas Artes de Oro en Artes Visuales 2023 y 2024, en una ceremonia “histórica”, efectuada ayer en la sala Manuel M. Ponce del Palacio de Bellas Artes, encabezada por Lucina Jiménez, titular del Instituto Nacional de Bellas Artes y Literatura (Inbal).	Cultura
Murió Fredric Jameson, crítico del capitalismo  y referente del marxismo en EU Fredric Jameson (1934), crítico, teórico y catedrático literario estadunidense, falleció este domingo a los 90 años, informó la editorial Verso Libros en sus redes sociales.	Cultura
Infonavit maneja 2.4 billones de pesos en activos: Carlos Martínez Los fondos del instituto han aumentado por los aumentos salariales, las mayores aportaciones patronales, la fiscalización a empresas, los programas de regularización de créditos.	Economia
La identidad digital en la industria financiera: defensa y arma La biometría y criptografía reducen el riesgo de suplantación de identidad, pero también abre nuevos riesgos si no se hace adecuadamente.	Ciencia
Altán Redes confía en que el gobierno de Sheinbaum robustecerá la conectividad Carlos Lerma, CEO de Altán, dice estar “positivo de lo que vendrá en los próximos años” en conectividad, debido a que la provisión de internet será uno de los ejes principales de Claudia Sheinbaum.	Ciencia
Cifras verdes * Como llave de los programas de planeación de ciudades inteligentes y verdes, la bicicleta ha recuperado relevancia en los proyectos urbanos.	Economía
La Reserva Federal de EU ya no es referente de la política monetaria global Los bancos centrales de diversos países realizaron una serie de movimientos en sus tasas de interés esta semana, encabezados por la Reserva Federal de Estados Unidos (Fed), que el miércoles recortó sus tasas de referencia por primera vez desde 2020.	Economía
Ciudades de todo el globo viven burbuja inmobiliaria: estudio Miami, Tokio y Zúrich encabezan la lista de las ciudades con mayor riesgo de burbuja inmobiliaria a nivel mundial, debido a la elevada amenaza en sus mercados de vivienda, reveló el UBS Global Real Estate Bubble Index 2024.	Economía
YouTube presenta IA para hacer videos y ganar ‘más’ dinero La empresa llevo a cabo Made on YouTube un evento donde también señaló que el número de creadores que obtienen la mayor parte de sus ingresos viene de TV.	Ciencia
Pemex envía combustible de la Refinería Olmeca a India Petróleos Mexicanos (Pemex) envió este mes su primer cargamento de combustible de su nueva refinería Olmeca a India, una señal de progreso después de múltiples retrasos y costos en espiral, según datos de embarque y fuentes de la industria.	Economía
La UNAM celebró 60 años de la fundación del Archivo Histórico La Universidad Nacional Autónoma de México (UNAM) celebró ayer el 60 aniversario de la fundación de su Archivo Histórico; además, se inauguró la exposición Archivo Histórico de la UNAM, ayer y hoy.	Cultura
Gustavo Gordillo / III: Justicia, anillos, poder Para que haya mayorías, tiene que haber minorías. Son las minorías, su existencia política, las que constituyen un régimen de mayorías.	Economía
Cae dupla Zverev-Alcaraz La dupla Carlos Alcaraz-Alexander Zverev cayó ante la pareja estadunidense formada por Taylor Fritz y Ben Shelton, 7-6 (7/5) y 6-4, dejando el marcador 2-2 al final de la primera jornada en la Laver Cup, que se disputa en Berlín. Impulsada por Roger Federer en 2017, la competencia –una exhibición inspirada en la Ryder Cup de golf y llamada así en homenaje al jugador australiano Rod Laver– enfrenta a seis jugadores de Europa contra el mismo número de representantes del resto del mundo.	Deportes
Tercer cuadrangular  del mexicano Jonathan  Aranda con Tampa Bay St. Petersburgo., El mexicano Jonathan Aranda pegó cuadrangular por tercer partido consecutivo con los Rays de Tampa Bay, que vencieron 4-3 a los Azulejos y completaron una barrida en serie de tres juegos.	Deportes
"Yellen considera ""señal muy positiva"" recorte de tasas de la Fed La medida ""refleja confianza de parte de la Fed en que la inflación cedió y está en camino hacia la meta de 2% (anual)"", expresó la secretaria del Tesoro de EU."	Economia
Él es Antonio Martínez Dagnino, jefe del SAT en el gobierno de Sheinbaum Antonio Martínez Dagnino llegó a la jefatura del SAT en octubre del 2022, luego de que Raquel Buenrostro pasara a tomar el liderazgo en la Secretaría de Economía.	Economia
Jefes continúan invictos; superan 22-17 a Halcones Atlanta. Patrick Mahomes lanzó un par de pases de anotación y la defensiva de Kansas City realizó un par de defensas tardías para mantener a los Jefes invictos al vencer 22-17 a los Halcones de Atlanta.	Deportes
Amazon Prime y MGM Studios se unen a la MPA Las empresas de entretenimiento se unen a otras como Netflix o Paramount Pictures.	Ciencia
Inauguran el Museo Vivo del Muralismo En el pasado, el cambio de gobierno se vivía como “ruptura”. “Quién sabe por qué”, dijo la presidenta electa, Claudia Sheinbaum, con una sonrisa. La ocasión fue la inauguración del Museo Vivo del Muralismo (MVM), en el edificio histórico de la Secretaría de Educación Pública (SEP).	Cultura
México impugnará fallo que determina pago de 37 mdd a Odyssey Marine Exploration La empresa estadounidense ganó un arbitraje internacional contra México, pues se consideró que Semarnat negó arbitrariamente un permiso para un proyecto minero marino en Baja California Sur.	Economia
Secretario de Arte y Cultura de Morena rinde su informe de actividades El Secretario de Arte y Cultura del Comité Ejecutivo Nacional (CEN) de Morena, Tomás Pliego Calvo, indicó que por medio de la participación de las 22 comisiones estatales de arte y cultura, artistas, creadores, promotores, gestores culturales, colectivos y cooperativas, organizados a partir del plan de acción de la secretaría, “realizaron tareas y actividades en defensa de la Cuarta Transformación (4T), promoviendo una cultura incluyente y equitativa que luchó y lucha contra el clasismo, el racismo, el machismo y el fascismo”.	Cultura
Pumas femenil deja escapar los tres puntos en CU Pese a generar diversas oportunidades de gol, Pumas no logró pa-sar del empate 0-0 ante Querétaro, con lo que dejó escapar valiosos puntos que le permitieran afianzarse en los primeros lugares de la clasificación general del torneo Apertura 2024 de la Liga Mx Femenil.	Deportes
Banxico mantendrá prudencia y cerrará el año con tasa en 10% Los analistas consideran que el mensaje del banco central es más laxo que la decisión de agosto y esperan que haya dos recortes más de 25 puntos base.	Economia
EU prohibirá software y hardware chinos en vehículos Washington. El Departamento de Comercio de Estados Unidos propondría el lunes prohibir el software y hardware chinos en los vehículos conectados y autónomos en las carreteras del país debido a preocupaciones de seguridad nacional, dijeron fuentes a Reuters.	Economía
Pablo Espinosa: Las creaturas que habitan Bellas Artes La luz de las distintas horas los devora.	Cultura
"EU pide ""implementación rigurosa"" de plan de certificación de aguacate de México Las ventas de aguacate mexicano a Estados Unidos se han disparado 48% desde 2019, hasta alcanzar un valor de más de 3,000 millones de dólares el año pasado."	Economia
¿Cuánto me da Apple por mi iPhone para abonar en la compra de uno nuevo? El programa Trade In recibe equipos desde el iPhone SE 2020 hasta el 15 Pro Max, con una bonificación máxima de 20,000 pesos.	Ciencia
Angélica Azuara recomienda La Jornada desde su trinchera: su puesto de periódicos Para Angélica Azuara, el puesto de periódicos donde trabaja desde hace 15 años es también su trinchera, en la que le ha tocado “evadir y recibir los dardos de la censura de sexenios anteriores, así como de las mentes panistas cerradas de hoy día”.	Cultura
La CNBV buscará regular reportes de ciberseguridad El regulador busca que todas las empresas que ofrezcan un servicio financiero deban homologar los criterios para reportar cuando han sido víctimas de un ataque cibernético.	Economia
El caso de Caliente TV: de anunciar apuestas a transmitir la Champions League La compañía ha entrado a la ‘guerra del streaming deportivo’ para captar una parte de este nicho de mercado y con ello consolidar su principal negocio: las apuestas.	Ciencia
Es innecesaria una reforma fiscal en el siguiente sexenio El presidente Andrés Manuel López Obrador aseguró que no es necesaria una reforma fiscal en el futuro si se mantiene la fórmula de combate a la corrupción y una política de austeridad republicana.	Economía
Real Madrid saca apurada victoria ante el Alavés Madrid. El Real Madrid es la luz y la noche. De ofrecer el sábado su versión más contundente en la visita del Español al Santiago Bernabéu, el equipo blanco reveló su costado más vulnerable en una apurada victoria por 3-2 sobre el Alavés, con lo que cumplió un año sin derrota en la Liga de España.	Deportes
Marlene Santos Alejo: Balance de la jornada Por increíble que parezca,    los equipos millonetas y favoritos de la Liga Mx sufren hasta perder los estribos. América y Monterrey empatan a duras penas, mientras Cruz Azul gana por la mínima ventaja a unas Chivas que sólo consiguen sumar frente a los coleros… Pocas emociones regaló la fecha doble, en la que dieron la nota el quejoso André Jardine, timonel amarillo, e Ivar Sisniega, titular de la Federación Mexicana de Futbol, quien preocupado por las bajas entradas en Estados Unidos, pidió “transmitir mensajes positivos de apoyo a la selección”.	Deportes
Charlyn Corral logra doblete y mantiene el invicto de Pachuca; empata 3-3 con Chivas En un duelo vertiginoso, Charlyn Corral firmó un doblete para que Pachuca igualara 3-3 con Chivas y se mantuviera invicto en los primeros puestos, en la jornada once del torneo Clausura 2024 de la Liga Mx Femenil. Las Tuzas suman 29 unidades y estaban a la espera del duelo entre Tigres y Tijuana para confirmar el liderato, mientras las tapatías se ubicaron en el quinto puesto con 20 unidades en una de sus temporadas más irregulares.	Deportes
Mexicanos gastan 12% más en bebidas energéticas Datos de Kantar muestran que en los últimos años ha aumentado tanto el número de litros comprados como el precio de este tipo de bebidas.	Economia
Las sequías impactan el precio y peso de la carne de res: Banxico El Banco de México destacó que las sequías provocan que los productores de carne sacrifiquen al ganado antes de tiempo para que no pierdan peso; lo que llega a provocar inflación en el mediano plazo.	Economia
Mexico necesita una política industrial acorde a la economía actual: IMCO El centro de investigación apunta que en los últimos 20 años, el valor agregado a la producción de exportaciones manufactureras se ha estancado.	Economia
La IA generativa transforma la operación y los ingresos empresariales El uso de IA generativa ha crecido en diversos sectores, impulsando la innovación y facilitando nuevas formas de operar en las organizaciones.	Ciencia
Ohtani desata euforia  de la prensa japonesa La proeza de Shohei Ohtani, quien se convirtió en el primer pelotero de Grandes Ligas con 50 jonrones y 50 bases robadas en una temporada, fue celebrada con ediciones extra de periódicos para que los aficio-nados leyeran en su camino al trabajo el viernes en Japón.	Deportes
Orlando Delgado Selley: Balance y desafíos Ha llegado al final la primera administración federal de la 4T. Es posible hacer un balance ponderado del funcionamiento de la economía. Este balance necesario, además, establece la base para plantear algunos desafíos que enfrentará la nueva administración en su periodo de gobierno y, particularmente, en el primer año. Por supuesto, la primera cuestión es que en el sexenio de AMLO la economía mexicana enfrentó una crisis derivada del covid, que afectó a todos los países, aunque en diferente medida.	Economía
El déficit fiscal de México crece 54% en agosto y supera el billón de pesos La Secretaría de Hacienda y Crédito Público destacó que los Requerimientos Financieros del Sector Público sumaron 1.109 billones de pesos.	Economia
Netflix y Prime Video de Amazon lideran quejas del streaming A agosto de este año, ambas empresas recibieron inconformidades por parte de los usuarios por cobros indebidos y alteración de precios, aseguró Profeco a Expansión a través de transparencia.	Ciencia
BBVA mantiene su confianza en México ante la transición presidencial El país sigue siendo atractivo a largo plazo gracias a su estructura de costos y apalancamiento en comparación con Estados Unidos, dijo Onur Genç, consejero delegado de BBVA.	Economia
¿El servicio al cliente en manos de la IA es mejor que los humanos? Más de la mitad de los profesionales de servicio al cliente ya ocupan algún software impulsado por IA y se espera que continúe creciendo.	Ciencia
Ante inconformidad de justicia mexicana, acreedores de TV Azteca inician proceso La Secretaría de Economía informó que la disputa internacional contra México, por el impago de bonos de TV Azteca, acumula un costo por 150,000 dólares por el concepto de honorarios y el CIADI.	Ciencia
Para tomar en cuenta En la semana que inicia se darán a conocer diversos reportes, como inflación, ventas al menudeo, indicador de actividad económica, balanza comercial y anuncio de política monetaria, entre otros.	Economía
Vendaval de las americanistas; Águilas golean a Rayadas 4-2 Monterrey tardó más de 70 minutos para meterse al partido. Cuando finalmente despertó, el América ya goleaba y tenía prácticamente el triunfo en la bolsa. El 4-2 sentenció la exhibición más desconcertante y paupérrima de las Rayadas en esta campaña. Los abucheos de su afición, más los rostros desencajados de cada jugadora en el terreno de juego, reflejaron la diferencia que existe respecto a las Águilas.	Deportes
Inflación agroalimentaria va a la baja, pero aún hay productos con incrementos arriba de 60% En la primera quincena de septiembre tanto la inflación general como la agroalimentaria presentaron reducciones significativas; sin embargo, aún existen productos que por diferentes factores, clima o estacionalidad, registran incrementos anuales por encima de 60 por ciento anual como los casos de la fresa y la cebolla.	Economía
Instagram lanza cuenta para adolescentes con controles parentales Los usuarios menores de 16 años sólo podrán recibir mensajes y ser etiquetados por cuentas a las que sigan o con las que ya estén conectados.	Ciencia
Aseguran Guardianes descanso en postemporada al vencer 6-1 a Rojos Cleveland. Los Guardianes de Cleveland, campeones de la División Central de la Liga Americana, aseguraron un descanso en la primera ronda de los playoffs al vencer 6-1 a los Rojos de Cincinnati. Lane Thomas pegó un jonrón de dos anotaciones y empujó tres carreras mientras Josh Naylor sumó un par de remolcadas.	Deportes
El SAT obtiene 191,506 mdp por eficiencia recaudatoria en 2024 La mayor eficiencia recaudatoria se debe principalmente a los programas Cumplimiento de Obligaciones, Vigilancia Profunda y Cobranza Coactiva.	Economia
Banco Mundial logra récord de 56,000 mdd en inversiones CFI Para el ejercicio financiero que finalizará en julio de 2025, el Banco Mundial buscará centrar sus esfuerzos en infraestructura, particularmente en carreteras y transporte.	Economia
Guía para elegir el mejor antivirus para tu celular Los ataques a teléfonos inteligentes cada vez son más comunes y aquí te decimos qué debes tener en cuenta a la hora de elegir la mejor protección.	Ciencia
El número de súper ricos se dispara en Estados Unidos y China La población China con al menos 100 millones de dólares en sus cuentas se ha duplicado en los últimos 10 años.	Economia
Anuncios de inversión en México suman 59,900 mdd en primeros nueve meses de 2024 La Secretaría de Economía identifica 197 anuncios públicos entre enero y septiembre. Estados Unidos encabeza los anuncios.	Economia
Emilio Payán: La Litógrafa Popular El artista y grabador Joel Rendón (1967) y el impresor Fernando Riquelme (1990) fundaron hace dos meses La Litógrafa Popular, taller de reunión, diálogo e intercambio de experiencias para conservar la tradición de esta técnica en México. El proyecto rinde homenaje a la madre tierra al considerar a la piedra litográfica como matriz creadora en estrecha conexión con la tierra y la vida. La Litógrafa Popular surgió con el objetivo de conservar la estética de la estampa con una gráfica popular cargada de identidad y sentido social.	Cultura
Lando Norris supera a Verstappen en el Gran Premio de Singapur Singapur. Lando Norris sorteó un par de sustos con los muros al ganar con contundencia el Gran Premio de Singapur, aunque apenas pudo recortar siete puntos a la diferencia de Max Verstappen como líder del campeonato de la Fórmula Uno. El resultado para el mexicano Sergio Pérez fue completamente inesperado, al terminar en décimo lugar y con muchas dificultades para rebasar, con lo que se llevó el último punto que repartió esta carrera.	Deportes
Cede la lluvia y arranca primer partido de miniliga del Pacífico La lluvia cedió unas horas y por fin salió el Sol. Como si fuera una señal sagrada para los fanáticos del beisbol, que aguardaron un par de días tormentosos para que pudie-ra empezar el minitorneo de la Liga Mexicana del Pacífico en el estadio Fray Nano en la Ciudad de México, todo se movió con prisa para ganarle la partida al mal tiempo. Y así al fin arrancó el primer juego en el que Cañeros de Los Mochis derrotaron 4-0 a Sultanes de Monterrey. El resto de los partidos aún dependerán de las condiciones climáticas.	Deportes
Slim critica el dinero que se gasta en los jubilados y pide combatir la pobreza El hombre más rico de México dice que los recursos que reciben actualmente los mayores de 65 años debería usarse para sacar a 6 millones de personas de la pobreza extrema.	Economia
TelevisaUnivisión sustituirá a Wade Davis como director general La empresa decidió sustituir a Davis por Daniel Alegre debido a algunos de los resultados de la compañía que cayeron por debajo de las expectativas internas.	Ciencia
In extremis, las Águilas rescatan  valioso empate 1-1 ante el Necaxa Con un gol agónico de Henry Martín, el América rescató un valioso empate 1-1 ante el Necaxa, con lo que hilvanó tres partidos sin conocer la derrota, ayer en due-lo correspondiente a la jornada nueve del torneo Apertura 2024 de la Liga Mx, disputado en el estadio Victoria, en Aguascalientes.	Deportes
Elena Poniatowska: Miguel Ángel Salazar González, El Diablo Paula Haro, mi hija, se hizo muy amiga de El Diablo, quien venía a buscarla a Chimalistac después de limpiar varios parabrisas en Insurgentes y Miguel Ángel de Quevedo. Flaquito, huesudo, sonriente, su pelo negro cual cortina sobre los ojos, El Diablo llegaba a desayunar, a comer o a merendar. No rechazaba el ofrecimiento de un regaderazo de agua caliente. Después de casi 20 minutos bajo el agua, aparecía con la misma ropa y su sonrisa resplandecía.	Cultura
Banxico ejecuta nuevo recorte a la tasa a 10.5% El banco central hizo un segundo recorte consecutivo a la tasa de referencia en un contexto de menor inflación.	Economia
Venta de gasolinas de Pemex aumentó 2.8% El volumen de ventas de gasolinas de Petróleos Mexicanos (Pemex) en agosto promedió 687 mil barriles diarios, dato que mostró un avance de 2.8 por ciento frente a igual periodo del año pasado, revelan estadísticas de la empresa estatal.	Economía
India, el país que quiere ser potencia en la industria de semiconductores Estados Unidos y la India anunciaron una alianza para construir una planta de chips en este país, algo que el gobierno de Biden definió como un “punto de inflexión”.	Ciencia
Telefónica y Megacable aplican medidas de seguridad en Culiacán Las compañías de telecomunicaciones decidieron modificar la operación de sus sucursales para garantizar la seguridad de sus trabajadores en la entidad que ha sido azotada por la violencia.	Ciencia
Líderes tecnológicos  acudirán a la Casa Blanca para hablar de IA: CNN Funcionarios de alto rango y líderes tecnológicos se darán cita para hablar de los recursos energéticos y la infraestructura necesarios para impulsar esta herramienta.	Ciencia
Amazon se despide del home office: sus empleados regresan a la oficina en 2025 Las empresas han permitido que muchos empleados trabajen desde casa desde la pandemia, lo que ha dejado las oficinas casi vacías en varias ciudades como San Francisco y Seattle.	Ciencia
Termina la semana el peso con pérdida de uno por ciento El peso cerró con un retroceso de uno por ciento esta semana, marcada por el anuncio de política monetaria del banco central de Estados Unidos y también afectado por la cautela de los inversionistas que aguardan el anuncio del Banco de México la próxima semana.	Economía
Lun representa en escena la magia de la infancia y el enigma de la existencia La magia de la infancia, el enigma de la existencia y los riesgos de la pérdida de memoria se entrelazan en Lun, propuesta escénica que llega al Teatro de las Artes del Centro Nacional de las Artes (Cenart), a partir de este fin de semana.	Cultura
La menopausia puede ocasionar problemas dentales, dicen especialistas Los sofocos y sudoraciones nocturnas son los síntomas más infames de la menopausia. Pero es posible que también desee prestar atención a sus dientes y encías.	Ciencia
Regresa En vivo desde el Met de Nueva York al Auditorio Nacional Los ocho títulos de la temporada 2024-2025 del programa En vivo desde el Met de Nueva York, que se transmitirá del 5 de octubre al 31 de mayo en la pantalla gigante del Auditorio Nacional, siguen fiel a la misión del Metropolitan Opera House de presentar las óperas “más famosas y populares”, con los mejores elencos posibles, así como ofrecer producciones nuevas, porque “sólo así avanzará como forma de arte”, expresó Peter Gelb, gerente general del Met.	Cultura
Francia reconoce obra de Graciela Iturbide “Hablo poco francés, pero entiendo más Francia”, aseguró la fotógrafa Graciela Iturbide “parodiando a Alfonso Reyes”, al ser condecorada con la Orden de las Artes y las Letras en el rango oficial de la República Francesa, acto a cargo de la embajadora gala Delphine Borione.	Cultura
Fomentar vivienda de interés social y eliminar corrupción, retos del Infonavit Analistas señalan que el instituto tiene pendientes en materia de avanzar en la digitalización y la agilización de trámites, así como en mejorar los rendimientos en la subcuenta de vivienda.	Economia
La inversión extranjera cae en los estados más “atractivos” para el nearshoring La falta de energía eléctrica, escasez de agua y mano de obra, además de una infraestructura rebasada para el transporte le ponen freno a las decisiones de inversión.	Economia
